{"cameraMode":{"drawMode":0,"name":"Shaded","section":"Shading Mode"},"sceneLighting":true,"audioPlay":false,"sceneViewState":{"showFog":false,"showMaterialUpdate":false,"showSkybox":false,"showFlares":false,"showImageEffects":false,"showParticleSystems":false},"in2DMode":false,"pivot":{"x":19.05849838256836,"y":-4.401421070098877,"z":0.26747751235961916},"rotation":{"x":0.12482795864343643,"y":-0.8583869934082031,"z":0.4309903681278229,"w":0.2486708164215088},"size":14.164274215698243,"orthographic":false}