{"cameraMode":{"drawMode":0,"name":"Shaded","section":"Shading Mode"},"sceneLighting":false,"audioPlay":false,"sceneViewState":{"showFog":true,"showMaterialUpdate":false,"showSkybox":true,"showFlares":true,"showImageEffects":true,"showParticleSystems":true},"in2DMode":false,"pivot":{"x":18.973920822143556,"y":0.6196890473365784,"z":-6.247416019439697},"rotation":{"x":-0.1326499730348587,"y":-0.7727487087249756,"z":0.5964167714118958,"w":-0.17190265655517579},"size":3.8987836837768556,"orthographic":false}