{"cameraMode":{"drawMode":0,"name":"Shaded","section":"Shading Mode"},"sceneLighting":true,"audioPlay":false,"sceneViewState":{"showFog":false,"showMaterialUpdate":false,"showSkybox":false,"showFlares":false,"showImageEffects":false,"showParticleSystems":false},"in2DMode":false,"pivot":{"x":9.303056716918946,"y":0.9030262231826782,"z":4.099133491516113},"rotation":{"x":0.268309623003006,"y":0.5660722255706787,"z":-0.2016994208097458,"w":0.7529206871986389},"size":10.15163803100586,"orthographic":false}