{"cameraMode":{"drawMode":0,"name":"Shaded","section":"Shading Mode"},"sceneLighting":true,"audioPlay":false,"sceneViewState":{"showFog":false,"showMaterialUpdate":false,"showSkybox":false,"showFlares":false,"showImageEffects":false,"showParticleSystems":false},"in2DMode":false,"pivot":{"x":1.897223711013794,"y":-1.0642465353012086,"z":-0.04302823543548584},"rotation":{"x":0.27051985263824465,"y":0.7210368514060974,"z":-0.5112833976745606,"w":0.38146334886550906},"size":7.279125690460205,"orthographic":false}