{"cameraMode":{"drawMode":0,"name":"Shaded","section":"Shading Mode"},"sceneLighting":true,"audioPlay":false,"sceneViewState":{"showFog":false,"showMaterialUpdate":false,"showSkybox":false,"showFlares":false,"showImageEffects":false,"showParticleSystems":false},"in2DMode":false,"pivot":{"x":8.4478120803833,"y":3.0675461292266847,"z":4.880505561828613},"rotation":{"x":0.5314140915870667,"y":-0.048763446509838107,"z":0.030687054619193078,"w":0.8451506495475769},"size":10.302274703979493,"orthographic":false}