{"cameraMode":{"drawMode":0,"name":"Shaded","section":"Shading Mode"},"sceneLighting":false,"audioPlay":false,"sceneViewState":{"showFog":true,"showMaterialUpdate":false,"showSkybox":true,"showFlares":true,"showImageEffects":true,"showParticleSystems":true},"in2DMode":false,"pivot":{"x":-0.012510478496551514,"y":-0.10114002227783203,"z":0.0},"rotation":{"x":0.12449075281620026,"y":0.84304279088974,"z":-0.22139504551887513,"w":0.47409409284591677},"size":5.027314186096191,"orthographic":false}