{"cameraMode":{"drawMode":0,"name":"Shaded","section":"Shading Mode"},"sceneLighting":true,"audioPlay":false,"sceneViewState":{"showFog":false,"showMaterialUpdate":false,"showSkybox":false,"showFlares":false,"showImageEffects":false,"showParticleSystems":false},"in2DMode":false,"pivot":{"x":6.623690605163574,"y":-5.0350871086120609,"z":-0.8565992712974548},"rotation":{"x":0.32741495966911318,"y":0.63089919090271,"z":-0.33351919054985049,"w":0.6192983984947205},"size":18.911874771118165,"orthographic":false}