{"cameraMode":{"drawMode":0,"name":"Shaded","section":"Shading Mode"},"sceneLighting":true,"audioPlay":false,"sceneViewState":{"showFog":false,"showMaterialUpdate":false,"showSkybox":false,"showFlares":false,"showImageEffects":false,"showParticleSystems":false},"in2DMode":false,"pivot":{"x":0.4268006384372711,"y":-0.2589574456214905,"z":-0.5942211151123047},"rotation":{"x":0.1755334883928299,"y":-0.82293301820755,"z":0.408564954996109,"w":0.35361555218696597},"size":13.062877655029297,"orthographic":false}